[
  {
    "title": "amazon_deals",
    "code": "SAVE20",
    "price": 0.18,
    "category": "Shopping",
    "sold": true,
    "seller": "anonymous",
    "expiryDate": "2025-03-27",
    "createdAt": "2025-03-09T16:47:37.282Z",
    "_id": "1741538857288opw7gbdplcg"
  },
  {
    "title": "Amazon",
    "code": "APC10",
    "price": 120,
    "category": "Food",
    "sold": true,
    "seller": "anonymous",
    "createdAt": "2025-03-09T17:02:02.495Z",
    "_id": "1741539722500hgi4j4k1yv"
  },
  {
    "title": "Amazon",
    "code": "gj",
    "price": 10,
    "category": "Travel",
    "sold": true,
    "seller": "anonymous",
    "createdAt": "2025-03-09T17:56:13.037Z",
    "_id": "174154297303765k73fev4gh"
  },
  {
    "title": "Amazon",
    "code": "hgfghvhv",
    "price": 20,
    "category": "Shopping",
    "sold": true,
    "seller": "anonymous",
    "createdAt": "2025-03-10T12:28:28.827Z",
    "_id": "174160970883151tlae7y6xu"
  },
  {
    "title": "Amazon shopping",
    "code": "w32",
    "price": 0.18,
    "category": "Shopping",
    "sold": true,
    "seller": "anonymous",
    "expiryDate": "2025-03-28",
    "createdAt": "2025-03-12T08:55:16.697Z",
    "_id": "1741769716697v5eczjbssb9"
  },
  {
    "title": "amazon",
    "code": "abc10",
    "price": 10,
    "category": "Shopping",
    "sold": true,
    "seller": "anonymous",
    "expiryDate": "2025-10-10",
    "createdAt": "2025-07-01T05:06:41.227Z",
    "_id": "1751346401227gfep7516zfi"
  }
]